<?xml version="1.0" encoding="UTF-8"?><ns2:e3l xmlns:ns2="e3l://eterproject.org/3.0/e3l" xmlns:ns3="e3l://eterproject.org/3.0/documentation" schemaVersion="3.0"><header xmlns=""><test>N</test><prepared>2025-06-06T11:19:37</prepared><sender><NIF>B19811983</NIF><center centerCode="4600048114" centerDenomination="ECO TITAN S.L."/></sender></header><waste xmlns=""><wasteNT NTCode="NT30460004811420250010846" NTSendtoDestinationAuthority="S" NTDate="2025-06-06" NTStartDate="2025-06-17" NTFrequency="" NTEndDate="2028-06-04" NTRegional="N" NTYear="2025"><NTRepresentationData><representativeEntity><nationalId>19848505B</nationalId></representativeEntity><representedEntity><nationalId>B19811983</nationalId></representedEntity><representedCenter>4600048114</representedCenter></NTRepresentationData><NTTransferOperatorData><entityId><nationalId>B19811983</nationalId></entityId><entityFJ entityFJCode="J" /><entityName><reason><reasonName>ECO TITAN S.L.</reasonName><reasonAssociation associationCode="18" /></reason> </entityName><entityCenter><centerID centerCode="4600048114" centerDenomination="ECO TITAN S.L."/><centerEconomicActivity>-</centerEconomicActivity><centerAddress><spanishAddress><vial vialCode="999"/><address>C/ PINTOR BENLLIURE, 6-C</address><CP>46111</CP><municipality municipalityCode="462166"/><province provinceCode="46"/><CA CACode="10"/></spanishAddress></centerAddress><centerContact><phone>961501110</phone><mail>proveedores@metallsdelcampslu.es</mail></centerContact><centerResponsiblePerson><personSex sexCode="9" sexDescription=""/><personName><name>-</name><surname1>-</surname1></personName></centerResponsiblePerson><wasteCenterAuthorization><authorizationId><authorizationIdFree>87/A01/CV</authorizationIdFree></authorizationId><authorizationCode>A01</authorizationCode></wasteCenterAuthorization></entityCenter><wasteTransferOperatorType operatorTypeCode="A01"/></NTTransferOperatorData><NTProducerData><entityId><nationalId>E45751013</nationalId></entityId><entityFJ entityFJCode="J"/><entityName><reason><reasonName>TALLERES LEON HIJOS, C.B.</reasonName><reasonAssociation associationCode="05" /></reason> </entityName><entityCenter><centerID centerCode="4520107311" centerDenomination="TALLERES LEON HIJOS, C.B."/><centerEconomicActivity>-</centerEconomicActivity><centerAddress><spanishAddress><vial vialCode="999"/><address>C/ TOLEDO, 34</address><CP>45592</CP><municipality municipalityCode="450250"/><province provinceCode="45"/><CA CACode="08"/></spanishAddress></centerAddress><centerContact><phone>678449685</phone><mail>TALLERESLEON@TALLERESLEON.NET</mail></centerContact><centerResponsiblePerson><personSex sexCode="9"/><personName><name>TALLERES LEON HIJOS, C.B.</name><surname1>-</surname1></personName></centerResponsiblePerson><wasteCenterAuthorization><authorizationId><authorizationIdFree>CM/5TO2022T</authorizationIdFree></authorizationId><authorizationCode>P02</authorizationCode></wasteCenterAuthorization></entityCenter><wasteProducerType producerTypeCode="P02"/></NTProducerData><NTAdresseeData><entityId><nationalId>B43693274</nationalId></entityId><entityFJ entityFJCode="J"/><entityName><reason><reasonName>METALLS DEL CAMP, S.L.</reasonName><reasonAssociation associationCode="18"/></reason></entityName><entityCenter><centerID centerCode="4570002919" centerDenomination="METALLS DEL CAMP, S.L.U. (EL ROMERAL)"/><centerEconomicActivity>-</centerEconomicActivity><centerAddress><spanishAddress><vial vialCode="009"/><address>CTRA. TEMBLEQUE-LILLO, S/N</address><CP>45770</CP><municipality municipalityCode="451493"/><province provinceCode="45"/><CA CACode="08"/></spanishAddress></centerAddress><centerContact><phone>961501110</phone><mail>info@metallsdelcampslu.es</mail></centerContact><centerResponsiblePerson><personSex sexCode="9"/><personName><name>LILIANA</name><surname1>PEREZ BETANCOURT</surname1></personName></centerResponsiblePerson><wasteCenterAuthorization><authorizationId><authorizationIdFree>4570002919</authorizationIdFree></authorizationId><authorizationCode>G02</authorizationCode></wasteCenterAuthorization></entityCenter><wasteManagerType managerTypeCode="G02"/></NTAdresseeData><NTTransportedResidues><NTResidueIdentification xmlns:xsi="http://www.w3.org/2001/XMLSchema-instance" xmlns:ns5="e3l://eterproject.org/3.0/wasteSupport" xsi:type="ns5:dangerousResidueType" LERCode="160601"><residueDescription>BATERÍAS DE PLOMO*</residueDescription><residueTables xsi:type="ns5:tablesDangerousType"><table2>R13</table2><table5>HP6</table5> </residueTables></NTResidueIdentification><NTOtherResidueData> <NTResidueQuantity>10000</NTResidueQuantity></NTOtherResidueData></NTTransportedResidues> <NTFinalAdresseeData><AdresseeData><entityId><nationalId>A46294492</nationalId></entityId><entityFJ entityFJCode="J"/><entityName><reason><reasonName>JOSE JAREÑO, S.A.</reasonName><reasonAssociation associationCode="01"/></reason></entityName><entityCenter><centerID centerCode="4600007854" centerDenomination="JOSE JAREÑO, S.A."/><centerEconomicActivity>-</centerEconomicActivity><centerAddress><spanishAddress><vial vialCode="009"/><address>POLIGONO INDUSTRIAL Nº7 Parcela C</address><CP>46540</CP><municipality municipalityCode="462042"/><province provinceCode="46"/><CA CACode="10"/></spanishAddress></centerAddress><centerContact><phone>961472454</phone><mail>comercial@josejareno.com</mail></centerContact><centerResponsiblePerson><personSex sexCode="9"/><personName><name> </name><surname1> </surname1></personName></centerResponsiblePerson><wasteCenterAuthorization><authorizationId><authorizationIdFree>77/G02/CV</authorizationIdFree></authorizationId><authorizationCode>G02</authorizationCode></wasteCenterAuthorization></entityCenter><wasteManagerType managerTypeCode="G02"/></AdresseeData><Operation>R13</Operation></NTFinalAdresseeData> <NTFinalAdresseeData><AdresseeData><entityId><nationalId>A47376090</nationalId></entityId><entityFJ entityFJCode="J"/><entityName><reason><reasonName>METALURGICA DE MEDINA, S.A.</reasonName><reasonAssociation associationCode="01"/></reason></entityName><entityCenter><centerID centerCode="4700000051" centerDenomination="METALURGICA DE MEDINA, S.A."/><centerEconomicActivity>-</centerEconomicActivity><centerAddress><spanishAddress><vial vialCode="009"/><address>CTRA POZALEN, S/N</address><CP>47400</CP><municipality municipalityCode="470856"/><province provinceCode="47"/><CA CACode="07"/></spanishAddress></centerAddress><centerContact><phone>983800300</phone><mail>9999@9999.com</mail></centerContact><centerResponsiblePerson><personSex sexCode="9"/><personName><name> </name><surname1> </surname1></personName></centerResponsiblePerson><wasteCenterAuthorization><authorizationId><authorizationIdFree>07G01974700000051</authorizationIdFree></authorizationId><authorizationCode>G01</authorizationCode></wasteCenterAuthorization></entityCenter><wasteManagerType managerTypeCode="G01"/></AdresseeData><Operation>R04</Operation></NTFinalAdresseeData></wasteNT></waste></ns2:e3l>